{"cameraMode":{"drawMode":0,"name":"Shaded","section":"Shading Mode"},"sceneLighting":false,"audioPlay":false,"sceneViewState":{"showFog":true,"showMaterialUpdate":false,"showSkybox":false,"showFlares":true,"showImageEffects":true,"showParticleSystems":true},"in2DMode":false,"pivot":{"x":2.9802322387695315e-8,"y":0.07067441940307617,"z":-0.02068495750427246},"rotation":{"x":-0.10875552892684937,"y":0.860558032989502,"z":-0.20677445828914643,"w":-0.452618807554245},"size":4.190429210662842,"orthographic":false}